	city	cloudiness	country	date	humidity	lat	lng	temp_max	wind speed
0	Kushiro	75	JP	1504940400	88	42.98	144.37	64.4	5.82
1	Carauari	36	BR	1504946081	96	-4.88	-66.9	72.63	2.62
2	Albany	1	US	1504943640	93	42.65	-73.76	53.6	5.82
3	Port Alfred	64	ZA	1504946081	86	-33.59	26.89	64.71	3.18
4	Kirillov	8	RU	1504946081	95	59.86	38.38	57.96	10.11
5	Grand Gaube	75	MU	1504944000	73	-20.01	57.66	75.2	18.34
6	Balclutha	20	NZ	1504946082	69	-46.23	169.75	41.76	14.25
7	Comodoro Rivadavia	0	AR	1504944000	100	-45.87	-67.5	35.6	3.36
8	Sola	68	VU	1504946082	94	-13.88	167.55	80.64	1.72
9	East London	40	ZA	1504945080	64	-33.02	27.91	69.8	5.82
10	Saskylakh	64	RU	1504946083	86	71.92	114.08	38.79	12.35
11	Vardo	0	NO	1504946083	99	70.37	31.11	48.42	25.32
12	Dingle	20	PH	1504944000	66	11.0	122.67	91.4	13.87
13	Itoman	40	JP	1504944000	74	26.12	127.67	91.4	6.93
14	Varnek	56	RU	1504946084	98	69.71	60.05	42.57	18.39
15	Cape Town	20	ZA	1504944000	63	-33.93	18.42	62.6	17.22
16	Rikitea	92	PF	1504946085	100	-23.12	-134.97	70.65	5.3
17	Muscat	0	OM	1504945820	72	23.61	58.59	90.72	2.51
18	Okha	92	RU	1504946085	91	53.57	142.95	56.97	4.18
19	Serui	64	ID	1504946085	99	-1.88	136.23	81.72	4.52
20	Joshimath	24	IN	1504946086	80	30.57	79.57	41.58	1.28
21	Thompson	40	CA	1504944000	72	55.74	-97.86	59.0	5.82
22	Atuona	80	PF	1504946086	100	-9.8	-139.03	80.19	16.26
23	Bunia	88	CD	1504946086	100	1.57	30.25	68.58	1.83
24	Mathura	40	IN	1504942200	47	27.5	77.68	96.8	8.05
25	Biankouma	8	CI	1504946087	93	7.74	-7.61	73.08	3.62
26	Cherskiy	68	RU	1504946087	90	68.75	161.3	39.33	3.29
27	Rikitea	92	PF	1504946085	100	-23.12	-134.97	70.65	5.3
28	Ushuaia	75	AR	1504944000	44	-54.8	-68.3	41.0	19.46
29	Punta Arenas	75	CL	1504944000	69	-53.15	-70.92	33.8	19.46
30	Hermanus	8	ZA	1504946088	65	-34.42	19.23	61.11	3.74
31	Peniche	75	PT	1504944000	88	39.36	-9.38	66.2	10.29
32	Kabakovo	75	RU	1504944000	77	54.54	56.15	59.0	11.18
33	Palmer	20	US	1504944900	93	42.16	-72.33	53.6	4.41
34	Tasiilaq	92	GL	1504943400	91	65.61	-37.64	41.0	24.16
35	Cape Town	20	ZA	1504944000	63	-33.93	18.42	62.6	17.22
36	Grand Gaube	75	MU	1504944000	73	-20.01	57.66	75.2	18.34
37	Puerto Ayora	80	EC	1504946090	100	-0.74	-90.35	67.41	11.68
38	Sept-Iles	75	CA	1504944000	87	50.2	-66.38	51.8	6.93
39	Narsaq	90	GL	1504943400	39	60.92	-46.05	48.2	12.75
40	Hithadhoo	8	MV	1504946091	100	-0.6	73.08	83.52	11.56
41	Bud	40	US	1504944900	72	39.45	-86.18	60.8	6.93
42	Meadow Lake	1	US	1504944900	42	34.8	-106.54	71.6	5.82
43	Alofi	44	NU	1504944000	88	-19.06	-169.92	73.4	4.7
44	Lompoc	90	US	1504943880	82	34.64	-120.46	64.4	4.7
45	Fortuna	90	US	1504943700	100	40.6	-124.16	59.0	5.82
46	Rudnik	88	RU	1504946093	83	69.75	61.65	40.86	16.04
47	Salalah	75	OM	1504943400	62	17.02	54.09	86.0	12.75
48	Corning	90	US	1504943760	100	42.14	-77.05	51.8	3.36
49	Bluff	68	NZ	1504946093	100	-46.6	168.33	47.88	10.78
50	Busselton	24	AU	1504946094	95	-33.65	115.33	62.82	10.78
51	Ribeira Grande	40	PT	1504944000	73	38.52	-28.7	69.8	8.05
52	Hentiesbaai	68	NA	1504946094	85	-22.12	14.28	64.44	3.96
53	Bredasdorp	48	ZA	1504944000	59	-34.53	20.04	62.6	3.62
54	Necochea	88	AR	1504946095	99	-38.55	-58.74	46.89	7.99
55	Bredasdorp	48	ZA	1504944000	59	-34.53	20.04	62.6	3.62
56	Belaya Gora	92	RU	1504946095	100	68.53	146.42	38.07	5.41
57	Komatipoort	0	ZA	1504946096	71	-25.43	31.95	79.38	6.98
58	Hobart	20	AU	1504944000	53	-42.88	147.33	51.8	12.75
59	Puerto Escondido	88	MX	1504946096	100	15.85	-97.07	78.84	4.74
60	Ilhabela	20	BR	1504946050	98	-23.78	-45.36	67.59	5.64
61	Ólafsvík	80	IS	1504946097	100	64.89	-23.71	48.87	1.16
62	Puerto Ayora	80	EC	1504946090	100	-0.74	-90.35	67.41	11.68
63	Alice Springs	0	AU	1504944000	9	-23.7	133.88	77.0	11.41
64	Eureka	90	US	1504943700	100	40.8	-124.16	59.0	4.52
65	Thinadhoo	8	MV	1504946098	99	0.53	72.93	84.6	14.14
66	Touros	0	BR	1504946098	96	-5.2	-35.46	72.72	13.13
67	Valenzuela	75	PH	1504944000	66	14.57	121.03	91.4	6.93
68	Greenville	90	US	1504944600	100	35.61	-77.37	57.2	7.2
69	Noumea	0	NC	1504944000	63	-22.28	166.46	66.2	3.36
70	Barcelona	75	ES	1504944000	73	41.39	2.16	71.6	6.42
71	Port-Gentil	40	GA	1504944000	83	-0.72	8.78	80.6	10.29
72	Mahebourg	75	MU	1504944000	73	-20.41	57.7	75.2	18.34
73	Bondo	8	CD	1504946100	80	3.81	23.69	82.08	2.84
74	Ushuaia	75	AR	1504944000	44	-54.8	-68.3	41.0	19.46
75	Amparihy	20	MG	1504944000	65	-25.02	46.97	77.0	28.86
76	Petrovsk-Zabaykalskiy	92	RU	1504946101	100	51.27	108.84	47.34	6.98
77	Matamoros	56	MX	1504946101	46	25.53	-103.25	71.1	10.22
78	Moerai	12	PF	1504946101	100	-22.43	-151.33	71.55	8.77
79	Havoysund	20	NO	1504943400	73	71.0	24.66	44.6	14.99
80	Lagoa	68	PT	1504946102	100	39.05	-27.98	71.19	9.55
81	Carnarvon	0	AU	1504946102	79	-24.87	113.63	70.11	6.98
82	Inta	24	RU	1504946102	74	66.03	60.17	43.11	5.41
83	Puerto Ayora	80	EC	1504946090	100	-0.74	-90.35	67.41	11.68
84	Bilibino	44	RU	1504946103	93	68.05	166.44	41.04	2.73
85	Rikitea	92	PF	1504946085	100	-23.12	-134.97	70.65	5.3
86	Albany	1	US	1504943640	93	42.65	-73.76	53.6	5.82
87	Hasaki	75	JP	1504942200	57	35.73	140.83	78.8	10.29
88	Saskylakh	64	RU	1504946083	86	71.92	114.08	38.79	12.35
89	Gyanpur	8	IN	1504946104	81	25.35	82.47	91.26	8.55
90	Bilimbay	90	RU	1504944000	100	56.97	59.81	50.0	8.95
91	Paamiut	44	GL	1504946105	100	61.99	-49.67	38.79	25.1
92	Cape Town	20	ZA	1504944000	63	-33.93	18.42	62.6	17.22
93	Cumra	0	TR	1504943400	19	37.57	32.77	78.8	4.7
94	Morgan City	1	US	1504943760	93	29.7	-91.21	66.2	8.05
95	Busselton	24	AU	1504946094	95	-33.65	115.33	62.82	10.78
96	Sao Filipe	0	CV	1504946106	100	14.9	-24.5	79.74	10.22
97	Hilo	90	US	1504944480	94	19.73	-155.09	71.6	5.82
98	Mathura	40	IN	1504942200	47	27.5	77.68	96.8	8.05
99	Arraial do Cabo	0	BR	1504946106	93	-22.97	-42.03	68.58	19.51
100	Sitka	90	US	1504944120	100	57.05	-135.33	53.6	4.7
101	Albany	1	US	1504943640	93	42.65	-73.76	53.6	5.82
102	Yar-Sale	56	RU	1504946107	100	66.83	70.83	44.91	17.16
103	Ushuaia	75	AR	1504944000	44	-54.8	-68.3	41.0	19.46
104	Ampara	80	LK	1504946108	90	7.28	81.67	81.45	4.18
105	Chokurdakh	80	RU	1504946108	80	70.63	147.92	36.18	8.66
106	Grande Riviere Sud Est	75	MU	1504944000	73	-20.29	57.78	75.2	18.34
107	Nizhnekamsk	75	RU	1504944000	87	55.64	51.82	55.4	11.18
108	Faanui	8	PF	1504946109	100	-16.48	-151.75	79.38	10.0
109	Tigil	0	RU	1504946110	79	57.8	158.67	57.51	10.22
110	Pacific Grove	90	US	1504943700	93	36.62	-121.92	62.6	5.82
111	Ushuaia	75	AR	1504944000	44	-54.8	-68.3	41.0	19.46
112	Katsuura	75	JP	1504944000	65	35.13	140.3	80.6	14.99
113	Pascagoula	1	US	1504943880	77	30.37	-88.56	69.8	8.05
114	Touros	0	BR	1504946098	96	-5.2	-35.46	72.72	13.13
115	Buala	0	SB	1504946111	96	-8.14	159.59	79.74	4.63
116	Hirara	40	JP	1504940400	66	24.8	125.28	91.4	9.17
117	Mathura	40	IN	1504942200	47	27.5	77.68	96.8	8.05
118	Sargatskoye	76	RU	1504946112	51	55.61	73.5	58.23	10.45
119	Oktyabrskiy	36	RU	1504946112	82	54.48	53.47	58.32	15.59
120	Avarua	75	CK	1504944000	68	-21.21	-159.78	69.8	4.7
121	Rosarito	90	MX	1504943760	77	32.33	-117.03	73.4	5.82
122	Norman Wells	20	CA	1504944000	93	65.28	-126.83	42.8	4.7
123	Bethel	1	US	1504943760	93	41.37	-73.41	55.4	5.75
124	Amparihy	20	MG	1504944000	65	-25.02	46.97	77.0	28.86
125	Provideniya	92	RU	1504946114	100	64.38	-173.3	46.17	4.52
126	Saint-Philippe	0	RE	1504944000	65	-21.36	55.77	78.8	24.16
127	Fecamp	92	FR	1504944000	87	49.76	0.37	55.4	10.29
128	Arraial do Cabo	0	BR	1504946106	93	-22.97	-42.03	68.58	19.51
129	Port Alfred	64	ZA	1504946081	86	-33.59	26.89	64.71	3.18
130	Lebu	0	CL	1504946115	100	-37.62	-73.65	48.24	27.78
131	Peniche	75	PT	1504944000	88	39.36	-9.38	66.2	10.29
132	Praia da Vitoria	40	PT	1504944000	88	38.73	-27.07	69.8	6.93
133	Pandan	56	PH	1504946116	100	14.05	124.17	84.51	7.65
134	Bluff	68	NZ	1504946093	100	-46.6	168.33	47.88	10.78
135	Broome	0	AU	1504944000	25	-17.97	122.23	86.0	12.75
136	Ushuaia	75	AR	1504944000	44	-54.8	-68.3	41.0	19.46
137	Ushuaia	75	AR	1504944000	44	-54.8	-68.3	41.0	19.46
138	Grants Pass	90	US	1504943760	93	42.44	-123.33	66.2	2.06
139	Kruisfontein	0	ZA	1504946117	75	-34.0	24.73	65.34	3.4
140	Hermanus	8	ZA	1504946088	65	-34.42	19.23	61.11	3.74
141	Qeshm	40	IR	1504944000	67	26.96	56.27	95.0	13.87
142	Jamestown	90	US	1504944720	100	42.1	-79.24	51.8	2.84
143	Sharjah	0	AE	1504944000	23	25.36	55.4	105.8	5.82
144	Buribay	32	RU	1504946118	64	51.96	58.16	63.27	17.49
145	Ushuaia	75	AR	1504944000	44	-54.8	-68.3	41.0	19.46
146	Vaini	75	TO	1504944000	94	-21.2	-175.2	71.6	6.98
147	Coquimbo	75	CL	1504944000	71	-29.95	-71.34	51.8	2.24
148	Al Wasitah	0	EG	1504946119	61	29.34	31.21	86.22	11.45
149	Janakpur Zone	92	NP	1504946119	76	27.33	86.0	74.61	2.17
150	Myaundzha	92	RU	1504946120	99	63.05	147.19	43.83	3.06
151	Albany	1	US	1504943640	93	42.65	-73.76	53.6	5.82
152	Butaritari	56	KI	1504946120	100	3.07	172.79	83.34	9.78
153	Punta Arenas	75	CL	1504944000	69	-53.15	-70.92	33.8	19.46
154	Busselton	24	AU	1504946094	95	-33.65	115.33	62.82	10.78
155	Hermanus	8	ZA	1504946088	65	-34.42	19.23	61.11	3.74
156	Rikitea	92	PF	1504946085	100	-23.12	-134.97	70.65	5.3
157	Saint Anthony	1	US	1504944900	76	45.02	-93.22	55.4	3.36
158	Neuquen	0	AR	1504944000	61	-38.95	-68.06	46.4	6.93
159	Atuona	80	PF	1504946086	100	-9.8	-139.03	80.19	16.26
160	Haverfordwest	68	GB	1504943400	82	51.8	-4.97	57.2	19.46
161	Toliara	0	MG	1504946122	46	-23.35	43.67	85.5	5.19
162	Anadyr	75	RU	1504944000	76	64.75	177.48	57.2	11.18
163	Labuhan	0	ID	1504946123	100	-6.88	112.21	82.71	13.91
164	Punta Arenas	75	CL	1504944000	69	-53.15	-70.92	33.8	19.46
165	Ushuaia	75	AR	1504944000	44	-54.8	-68.3	41.0	19.46
166	Ushuaia	75	AR	1504944000	44	-54.8	-68.3	41.0	19.46
167	Hithadhoo	8	MV	1504946091	100	-0.6	73.08	83.52	11.56
168	Leningradskiy	92	RU	1504946124	94	69.38	178.42	40.86	10.78
169	Nantucket	1	US	1504944900	77	41.28	-70.1	60.8	4.7
170	Kapaa	75	US	1504943760	74	22.08	-159.32	80.6	12.75
171	Ushuaia	75	AR	1504944000	44	-54.8	-68.3	41.0	19.46
172	Talaya	0	RU	1504946125	50	61.38	152.75	54.27	6.64
173	Albany	1	US	1504943640	93	42.65	-73.76	53.6	5.82
174	Meulaboh	36	ID	1504946125	100	4.14	96.13	82.44	7.31
175	Iqaluit	90	CA	1504940400	86	63.75	-68.51	39.2	19.46
176	Puerto Ayora	80	EC	1504946090	100	-0.74	-90.35	67.41	11.68
177	Miri	75	MY	1504944000	79	4.41	114.01	86.0	9.17
178	Punta Arenas	75	CL	1504944000	69	-53.15	-70.92	33.8	19.46
179	Rikitea	92	PF	1504946085	100	-23.12	-134.97	70.65	5.3
180	Port Elizabeth	20	ZA	1504944000	68	-33.92	25.57	66.2	4.7
181	Darhan	92	MN	1504946127	99	49.49	105.92	41.76	13.69
182	Fortuna	90	US	1504943700	100	40.6	-124.16	59.0	5.82
183	Krasnyy Bor	0	RU	1504944000	77	59.68	30.67	59.0	8.95
184	Kambove	0	CD	1504946128	32	-10.88	26.6	80.46	8.99
185	Kieta	80	PG	1504946128	93	-6.22	155.63	80.37	4.18
186	Oum Hadjer	0	TD	1504946128	57	13.3	19.7	91.26	9.55
187	Paamiut	44	GL	1504946105	100	61.99	-49.67	38.79	25.1
188	Rikitea	92	PF	1504946085	100	-23.12	-134.97	70.65	5.3
189	Labuhan	0	ID	1504946123	100	-6.88	112.21	82.71	13.91
190	Ibara	75	JP	1504940400	54	34.6	133.47	80.6	5.82
191	Carnarvon	0	AU	1504946102	79	-24.87	113.63	70.11	6.98
192	Luderitz	0	NA	1504946130	89	-26.65	15.16	60.03	12.24
193	Ravar	0	IR	1504946024	14	31.27	56.81	91.71	4.18
194	Horki	0	BY	1504944000	77	54.29	30.98	60.8	8.95
195	Salyan	80	NP	1504946130	65	28.38	82.17	84.06	2.95
196	Lohja	75	FI	1504945200	100	60.25	24.07	53.6	13.87
197	Mathura	40	IN	1504942200	47	27.5	77.68	96.8	8.05
198	Bluff	68	NZ	1504946093	100	-46.6	168.33	47.88	10.78
199	Nanjangud	40	IN	1504944000	65	12.12	76.68	82.4	6.93
200	Nishihara	40	JP	1504944000	74	26.18	127.76	91.4	6.93
201	East London	40	ZA	1504945080	64	-33.02	27.91	69.8	5.82
202	Konstantinovka	0	RU	1504946132	57	49.62	127.98	60.84	9.44
203	Rikitea	92	PF	1504946085	100	-23.12	-134.97	70.65	5.3
204	Punta Arenas	75	CL	1504944000	69	-53.15	-70.92	33.8	19.46
205	Bulaevo	88	KZ	1504946133	52	54.91	70.44	61.56	16.26
206	Kodiak	1	US	1504943580	76	57.79	-152.41	51.8	9.17
207	Tautira	20	PF	1504944000	78	-17.73	-149.15	75.2	3.36
208	Ushuaia	75	AR	1504944000	44	-54.8	-68.3	41.0	19.46
209	ByWard Market	75	CA	1504944000	76	45.43	-75.69	51.8	11.41
210	Praia da Vitoria	40	PT	1504944000	88	38.73	-27.07	69.8	6.93
211	Tual	12	ID	1504946134	94	-5.67	132.75	81.27	10.45
212	Pisco	90	PE	1504944000	82	-13.7	-76.22	62.6	5.82
213	Mathura	40	IN	1504942200	47	27.5	77.68	96.8	8.05
214	Tasiilaq	92	GL	1504943400	91	65.61	-37.64	41.0	24.16
215	Victoria	75	CA	1504944000	48	48.43	-123.37	62.6	8.05
216	Cape Town	20	ZA	1504944000	63	-33.93	18.42	62.6	17.22
217	Mathura	40	IN	1504942200	47	27.5	77.68	96.8	8.05
218	Butaritari	56	KI	1504946120	100	3.07	172.79	83.34	9.78
219	Kokstad	0	ZA	1504946136	32	-30.55	29.42	73.44	2.73
220	Namatanai	32	PG	1504946136	100	-3.67	152.43	82.89	8.21
221	Tsiombe	0	MG	1504946136	29	-25.3	45.48	90.9	9.22
222	Anadyr	75	RU	1504944000	76	64.75	177.48	57.2	11.18
223	Hasaki	75	JP	1504942200	57	35.73	140.83	78.8	10.29
224	Victoria	75	CA	1504944000	48	48.43	-123.37	62.6	8.05
225	Moosonee	20	CA	1504944000	100	51.28	-80.63	42.8	8.05
226	Usinsk	12	RU	1504946138	82	65.99	57.53	43.38	13.24
227	Punta Arenas	75	CL	1504944000	69	-53.15	-70.92	33.8	19.46
228	Marakkanam	0	IN	1504946138	87	12.2	79.95	87.12	8.1
229	Yellowknife	5	CA	1504944000	76	62.46	-114.35	50.0	11.41
230	Ixtapa	75	MX	1504943760	94	20.7	-105.2	80.6	2.17
231	Salalah	75	OM	1504943400	62	17.02	54.09	86.0	12.75
232	Rikitea	92	PF	1504946085	100	-23.12	-134.97	70.65	5.3
233	Amparihy	20	MG	1504944000	65	-25.02	46.97	77.0	28.86
234	Bredasdorp	48	ZA	1504944000	59	-34.53	20.04	62.6	3.62
235	Kant	0	IN	1504946139	56	27.8	79.8	95.58	10.67
236	Bluff	68	NZ	1504946093	100	-46.6	168.33	47.88	10.78
237	Kungurtug	76	RU	1504946140	57	50.6	97.52	40.14	6.87
238	Punta Arenas	75	CL	1504944000	69	-53.15	-70.92	33.8	19.46
239	Saquena	12	PE	1504946140	98	-4.67	-73.52	72.27	2.62
240	Belmonte	75	BR	1504944000	100	-15.86	-38.88	66.2	5.82
241	Dalton	0	ZA	1504946141	49	-29.34	30.63	73.71	3.18
242	Saint-Augustin	0	CA	1504946141	100	51.23	-58.65	47.52	9.89
243	Ushuaia	75	AR	1504944000	44	-54.8	-68.3	41.0	19.46
244	Rikitea	92	PF	1504946085	100	-23.12	-134.97	70.65	5.3
245	Kodiak	1	US	1504943580	76	57.79	-152.41	51.8	9.17
246	Hobart	20	AU	1504944000	53	-42.88	147.33	51.8	12.75
247	Port Alfred	64	ZA	1504946081	86	-33.59	26.89	64.71	3.18
248	Castro	32	BR	1504945844	81	-24.79	-50.01	51.12	2.51
249	Buzuluk	0	RU	1504946143	71	52.78	52.26	63.81	15.03
250	Safford	75	US	1504943460	56	32.83	-109.71	73.4	3.36
251	Hilo	90	US	1504944480	94	19.73	-155.09	71.6	5.82
252	Vaini	75	TO	1504944000	94	-21.2	-175.2	71.6	6.98
253	Pestretsy	90	RU	1504944000	76	55.75	49.65	57.2	15.66
254	Bredasdorp	48	ZA	1504944000	59	-34.53	20.04	62.6	3.62
255	Hobart	20	AU	1504944000	53	-42.88	147.33	51.8	12.75
256	Seoul	24	KR	1504944000	57	37.57	126.98	84.2	9.17
257	Vaini	75	TO	1504944000	94	-21.2	-175.2	71.6	6.98
258	Chifeng	12	CN	1504946145	62	42.27	118.96	74.34	9.22
259	Krasnyy Bor	0	RU	1504944000	77	59.68	30.67	59.0	8.95
260	Bredasdorp	48	ZA	1504944000	59	-34.53	20.04	62.6	3.62
261	Taoudenni	0	ML	1504946145	13	22.68	-3.98	96.93	7.54
262	Hobart	20	AU	1504944000	53	-42.88	147.33	51.8	12.75
263	Chuy	100	UY	1504946146	97	-33.7	-53.46	61.29	11.01
264	Bredasdorp	48	ZA	1504944000	59	-34.53	20.04	62.6	3.62
265	Punta Arenas	75	CL	1504944000	69	-53.15	-70.92	33.8	19.46
266	Port Alfred	64	ZA	1504946081	86	-33.59	26.89	64.71	3.18
267	Amparihy	20	MG	1504944000	65	-25.02	46.97	77.0	28.86
268	Yumen	0	CN	1504946151	29	40.28	97.2	70.74	17.83
269	Tiksi	88	RU	1504946151	93	71.69	128.87	37.08	7.65
270	Mahebourg	75	MU	1504944000	73	-20.41	57.7	75.2	18.34
271	Bataipora	24	BR	1504946152	42	-22.3	-53.27	71.46	8.1
272	Bluff	68	NZ	1504946093	100	-46.6	168.33	47.88	10.78
273	Aripuana	32	BR	1504946152	73	-9.17	-60.63	76.5	3.96
274	Souillac	75	MU	1504944000	73	-20.52	57.52	75.2	18.34
275	Namibe	80	AO	1504946153	96	-15.2	12.15	68.76	11.34
276	Progreso	75	MX	1504943460	94	21.28	-89.67	77.0	2.51
277	Cape Town	20	ZA	1504944000	63	-33.93	18.42	62.6	17.22
278	Udachnyy	92	RU	1504946153	88	66.42	112.4	40.95	7.54
279	Pretoria	0	ZA	1504944000	22	-25.74	28.19	77.0	5.82
280	Upernavik	32	GL	1504946154	100	72.79	-56.15	37.98	25.55
281	Albany	1	US	1504943640	93	42.65	-73.76	53.6	5.82
282	Narsaq	90	GL	1504943400	39	60.92	-46.05	48.2	12.75
283	Imbituba	75	BR	1504944000	82	-28.24	-48.67	68.0	8.05
284	Lebu	0	CL	1504946115	100	-37.62	-73.65	48.24	27.78
285	Kapaa	75	US	1504943760	74	22.08	-159.32	80.6	12.75
286	Hermanus	8	ZA	1504946088	65	-34.42	19.23	61.11	3.74
287	Mar del Plata	90	AR	1504944000	100	-38.0	-57.56	51.8	11.41
288	Atuona	80	PF	1504946086	100	-9.8	-139.03	80.19	16.26
289	Isafjoerdur	90	IS	1504944000	81	66.08	-23.12	44.6	3.36
290	Barenburg	92	DE	1504945200	100	52.62	8.8	59.0	10.29
291	Onega	92	RU	1504946156	97	63.91	38.14	45.81	8.21
292	Barcelos	20	PT	1504944000	100	41.54	-8.62	60.8	4.7
293	Cayenne	90	GF	1504944000	94	4.93	-52.33	73.4	1.12
294	Ushuaia	75	AR	1504944000	44	-54.8	-68.3	41.0	19.46
295	Ushuaia	75	AR	1504944000	44	-54.8	-68.3	41.0	19.46
296	Bethel	1	US	1504943760	93	41.37	-73.41	55.4	5.75
297	Puerto Ayora	80	EC	1504946090	100	-0.74	-90.35	67.41	11.68
298	Tripoli	40	LY	1504943400	61	32.88	13.19	82.4	6.93
299	Saldanha	0	ZA	1504944000	67	-33.01	17.94	62.6	12.75
300	Atasu	56	KZ	1504946159	39	48.68	71.64	74.07	15.26
301	Victoria	75	CA	1504944000	48	48.43	-123.37	62.6	8.05
302	Tezu	68	IN	1504946159	82	27.92	96.17	72.36	1.16
303	Cayenne	90	GF	1504944000	94	4.93	-52.33	73.4	1.12
304	Torbay	90	CA	1504944000	100	47.67	-52.73	60.8	9.17
305	Kodiak	1	US	1504943580	76	57.79	-152.41	51.8	9.17
306	Arraial do Cabo	0	BR	1504946106	93	-22.97	-42.03	68.58	19.51
307	Corner Brook	75	CA	1504944000	100	48.97	-57.95	55.4	4.29
308	Vaini	75	TO	1504944000	94	-21.2	-175.2	71.6	6.98
309	Punta Arenas	75	CL	1504944000	69	-53.15	-70.92	33.8	19.46
310	Kapaa	75	US	1504943760	74	22.08	-159.32	80.6	12.75
311	Cape Town	20	ZA	1504944000	63	-33.93	18.42	62.6	17.22
312	Cape Town	20	ZA	1504944000	63	-33.93	18.42	62.6	17.22
313	Tshabong	0	BW	1504946161	14	-26.05	22.45	91.8	13.69
314	Bocas del Toro	64	PA	1504946162	100	9.33	-82.25	80.46	6.64
315	Jamestown	90	US	1504944720	100	42.1	-79.24	51.8	2.84
316	Santo Tomas	75	PH	1504944000	66	14.11	121.14	91.4	6.93
317	Krasnyy Bor	0	RU	1504944000	77	59.68	30.67	59.0	8.95
318	Bethel	1	US	1504943760	93	41.37	-73.41	55.4	5.75
319	Kruisfontein	0	ZA	1504946117	75	-34.0	24.73	65.34	3.4
320	Hobart	20	AU	1504944000	53	-42.88	147.33	51.8	12.75
321	Albany	1	US	1504943640	93	42.65	-73.76	53.6	5.82
322	Araouane	0	ML	1504946163	35	18.9	-3.53	91.71	6.64
323	Mahebourg	75	MU	1504944000	73	-20.41	57.7	75.2	18.34
324	Goderich	8	CA	1504946164	88	43.75	-81.72	42.93	5.19
325	Ribeira Grande	40	PT	1504944000	73	38.52	-28.7	69.8	8.05
326	Ushuaia	75	AR	1504944000	44	-54.8	-68.3	41.0	19.46
327	Namibe	80	AO	1504946153	96	-15.2	12.15	68.76	11.34
328	Barenburg	92	DE	1504945200	100	52.62	8.8	59.0	10.29
329	Arauca	88	CO	1504945902	99	7.08	-70.76	71.55	3.29
330	Nelson Bay	0	AU	1504944000	50	-32.72	152.15	57.2	5.82
331	Vaini	75	TO	1504944000	94	-21.2	-175.2	71.6	6.98
332	Vaini	75	TO	1504944000	94	-21.2	-175.2	71.6	6.98
333	Masunga	0	BW	1504946166	20	-20.62	27.45	86.04	7.76
334	Marawi	68	PH	1504946166	83	8.0	124.29	75.51	2.62
335	Anadyr	75	RU	1504944000	76	64.75	177.48	57.2	11.18
336	Vangaindrano	88	MG	1504946167	86	-23.35	47.6	70.29	6.87
337	Rikitea	92	PF	1504946085	100	-23.12	-134.97	70.65	5.3
338	Rikitea	92	PF	1504946085	100	-23.12	-134.97	70.65	5.3
339	Amparihy	20	MG	1504944000	65	-25.02	46.97	77.0	28.86
340	Atuona	80	PF	1504946086	100	-9.8	-139.03	80.19	16.26
341	Kisanga	75	TZ	1504940400	78	-7.44	37.7	73.4	2.51
342	Fagersta	90	SE	1504943400	93	60.0	15.79	57.2	5.82
343	Chuy	100	UY	1504946146	97	-33.7	-53.46	61.29	11.01
344	Rikitea	92	PF	1504946085	100	-23.12	-134.97	70.65	5.3
345	Richards Bay	32	ZA	1504946169	70	-28.78	32.04	74.61	5.19
346	Butia	92	BR	1504945899	85	-30.12	-51.96	65.07	8.99
347	Narasannapeta	48	IN	1504946169	80	18.42	84.05	88.65	5.64
348	Dwarahat	0	IN	1504946169	70	29.78	79.43	76.32	1.72
349	Port Blair	8	IN	1504946170	100	11.67	92.75	83.61	11.56
350	Ushuaia	75	AR	1504944000	44	-54.8	-68.3	41.0	19.46
351	La Rioja	75	ES	1504944000	67	42.25	-2.5	60.8	10.29
352	Macklin	0	CA	1504946170	65	52.33	-109.93	58.05	8.77
353	Trevi	0	IT	1504944000	68	41.9	12.49	75.2	3.36
354	Vega de Alatorre	92	MX	1504946171	100	20.03	-96.63	70.83	3.74
355	Meulaboh	36	ID	1504946125	100	4.14	96.13	82.44	7.31
356	Kashechewan	64	CA	1504946171	65	52.3	-81.62	46.89	10.89
357	Ushuaia	75	AR	1504944000	44	-54.8	-68.3	41.0	19.46
358	Asti	75	IT	1504943700	100	44.9	8.21	64.4	7.76
359	Nanortalik	92	GL	1504946172	94	60.14	-45.24	38.43	6.42
360	Dwarka	0	IN	1504946172	92	22.24	68.97	83.34	10.45
361	Port Alfred	64	ZA	1504946081	86	-33.59	26.89	64.71	3.18
362	Kw?h?	0	ET	1504946173	29	13.48	39.55	83.61	2.17
363	Barrow	90	US	1504943580	100	71.29	-156.79	32.0	10.29
364	Belmonte	75	BR	1504944000	100	-15.86	-38.88	66.2	5.82
365	Quelimane	20	MZ	1504944000	65	-17.88	36.89	78.8	3.36
366	Lagoa	68	PT	1504946102	100	39.05	-27.98	71.19	9.55
367	Juchitan de Zaragoza	48	MX	1504946174	100	16.43	-95.02	80.82	8.99
368	College	90	US	1504943880	76	64.86	-147.8	51.8	6.31
369	Olho d’Agua	0	BR	1504946175	77	-2.88	-39.95	77.22	16.04
370	Cape Town	20	ZA	1504944000	63	-33.93	18.42	62.6	17.22
371	Trevi	0	IT	1504944000	68	41.9	12.49	75.2	3.36
372	Rikitea	92	PF	1504946085	100	-23.12	-134.97	70.65	5.3
373	Nome	20	US	1504943580	86	64.5	-165.41	39.2	8.05
374	Vaini	75	TO	1504944000	94	-21.2	-175.2	71.6	6.98
375	Atuona	80	PF	1504946086	100	-9.8	-139.03	80.19	16.26
376	Lima	12	PE	1504946160	83	-12.04	-77.03	50.31	2.17
377	Bowen	32	AU	1504940400	49	-20.02	148.23	73.4	11.41
378	Albany	1	US	1504943640	93	42.65	-73.76	53.6	5.82
379	Rikitea	92	PF	1504946085	100	-23.12	-134.97	70.65	5.3
380	Izhma	8	RU	1504946177	69	65.01	53.91	46.71	7.76
381	Ushuaia	75	AR	1504944000	44	-54.8	-68.3	41.0	19.46
382	Fort St. John	40	CA	1504944000	58	56.25	-120.85	53.6	4.7
383	Torbay	90	CA	1504944000	100	47.67	-52.73	60.8	9.17
384	Clyde River	90	CA	1504944540	100	70.47	-68.59	35.6	28.86
385	Ancud	0	CL	1504946178	86	-41.87	-73.82	32.22	6.64
386	Hasaki	75	JP	1504942200	57	35.73	140.83	78.8	10.29
387	Amparihy	20	MG	1504944000	65	-25.02	46.97	77.0	28.86
388	Vaini	75	TO	1504944000	94	-21.2	-175.2	71.6	6.98
389	Khao Wong	40	TH	1504944000	70	16.7	104.09	89.6	8.05
390	Bathsheba	75	BB	1504944000	88	13.22	-59.52	80.6	9.17
391	Balapur	40	IN	1504944000	62	17.31	78.48	89.6	2.24
392	Tarrant County	1	US	1504944900	77	32.77	-97.3	69.8	4.74
393	Saint-Philippe	0	RE	1504944000	65	-21.36	55.77	78.8	24.16
394	Ribeira Grande	40	PT	1504944000	73	38.52	-28.7	69.8	8.05
395	Conde	40	BR	1504944000	100	-7.26	-34.91	71.6	5.82
396	Ushuaia	75	AR	1504944000	44	-54.8	-68.3	41.0	19.46
397	San Vicente	56	AR	1504946181	41	-26.62	-54.13	73.35	5.97
398	Albany	1	US	1504943640	93	42.65	-73.76	53.6	5.82
399	Oksfjord	0	NO	1504943400	89	70.24	22.35	46.4	14.99
400	Beringovskiy	32	RU	1504946182	83	63.05	179.32	55.35	11.45
401	East London	40	ZA	1504945080	64	-33.02	27.91	69.8	5.82
402	Castro	32	BR	1504945844	81	-24.79	-50.01	51.12	2.51
403	Jamestown	90	US	1504944720	100	42.1	-79.24	51.8	2.84
404	Chokurdakh	80	RU	1504946108	80	70.63	147.92	36.18	8.66
405	Sumberejo	32	ID	1504946183	89	-8.4	113.59	79.29	10.33
406	Jamestown	90	US	1504944720	100	42.1	-79.24	51.8	2.84
407	Luderitz	0	NA	1504946130	89	-26.65	15.16	60.03	12.24
408	Wegorzewo	44	PL	1504945906	86	54.22	21.74	63.63	15.7
409	Mathura	40	IN	1504942200	47	27.5	77.68	96.8	8.05
410	Georgetown	20	GY	1504940400	100	6.8	-58.16	73.4	2.24
411	Orangeburg	1	US	1504944900	77	33.49	-80.86	62.6	5.82
412	Katsuura	75	JP	1504944000	65	35.13	140.3	80.6	14.99
413	Krasnyy Bor	0	RU	1504944000	77	59.68	30.67	59.0	8.95
414	Ushuaia	75	AR	1504944000	44	-54.8	-68.3	41.0	19.46
415	Yar-Sale	56	RU	1504946107	100	66.83	70.83	44.91	17.16
416	Punta Arenas	75	CL	1504944000	69	-53.15	-70.92	33.8	19.46
417	Kapaa	75	US	1504943760	74	22.08	-159.32	80.6	12.75
418	Bambous Virieux	75	MU	1504944000	73	-20.34	57.76	75.2	18.34
419	Faanui	8	PF	1504946109	100	-16.48	-151.75	79.38	10.0
420	Lebu	0	CL	1504946115	100	-37.62	-73.65	48.24	27.78
421	Pisco	90	PE	1504944000	82	-13.7	-76.22	62.6	5.82
422	Qaanaaq	12	GL	1504946186	100	77.48	-69.36	22.32	18.16
423	Severo-Kurilsk	92	RU	1504946186	97	50.68	156.12	49.59	19.17
424	Koukkuniemi	75	FI	1504945200	100	60.15	24.76	53.6	13.87
425	Sambava	76	MG	1504946187	100	-14.27	50.17	76.59	21.97
426	Carnarvon	0	AU	1504946102	79	-24.87	113.63	70.11	6.98
427	Albany	1	US	1504943640	93	42.65	-73.76	53.6	5.82
428	Lavrentiya	100	RU	1504946187	95	65.58	-171.0	45.18	4.41
429	Avarua	75	CK	1504944000	68	-21.21	-159.78	69.8	4.7
430	Champerico	76	GT	1504946188	100	14.3	-91.92	75.42	3.62
431	Narsaq	90	GL	1504943400	39	60.92	-46.05	48.2	12.75
432	Zhigansk	64	RU	1504946188	72	66.77	123.37	45.72	3.06
433	Punta Arenas	75	CL	1504944000	69	-53.15	-70.92	33.8	19.46
434	Westport	1	US	1504943760	82	41.14	-73.36	59.0	6.93
435	New Norfolk	20	AU	1504944000	53	-42.78	147.06	51.8	12.75
436	Barrow	90	US	1504943580	100	71.29	-156.79	32.0	10.29
437	Talnakh	44	RU	1504946190	71	69.49	88.4	46.44	10.45
438	Hasaki	75	JP	1504942200	57	35.73	140.83	78.8	10.29
439	Ushuaia	75	AR	1504944000	44	-54.8	-68.3	41.0	19.46
440	Atuona	80	PF	1504946086	100	-9.8	-139.03	80.19	16.26
441	Ust-Nera	0	RU	1504946190	88	64.57	143.2	41.31	2.06
442	Albany	1	US	1504943640	93	42.65	-73.76	53.6	5.82
443	Balclutha	20	NZ	1504946082	69	-46.23	169.75	41.76	14.25
444	Pevek	68	RU	1504946191	100	69.7	170.31	40.5	21.3
445	Butaritari	56	KI	1504946120	100	3.07	172.79	83.34	9.78
446	Mathura	40	IN	1504942200	47	27.5	77.68	96.8	8.05
447	Tilbury	0	GB	1504945200	76	51.46	0.36	57.2	9.17
448	Yairipok	40	IN	1504944000	66	24.67	94.07	84.2	5.82
449	Atuona	80	PF	1504946086	100	-9.8	-139.03	80.19	16.26
450	Katsuura	75	JP	1504944000	65	35.13	140.3	80.6	14.99
451	Ujar	0	AZ	1504946193	51	40.52	47.65	80.19	3.74
452	Port Alfred	64	ZA	1504946081	86	-33.59	26.89	64.71	3.18
453	Pyt-Yakh	48	RU	1504946193	84	60.75	72.86	48.6	4.41
454	Chokurdakh	80	RU	1504946108	80	70.63	147.92	36.18	8.66
455	Hithadhoo	8	MV	1504946091	100	-0.6	73.08	83.52	11.56
456	Goderich	8	CA	1504946164	88	43.75	-81.72	42.93	5.19
457	Clyde River	90	CA	1504944540	100	70.47	-68.59	35.6	28.86
458	Kaeo	48	NZ	1504946194	83	-35.1	173.78	46.71	8.21
459	Kapaa	75	US	1504943760	74	22.08	-159.32	80.6	12.75
460	Ouallam	56	NE	1504946195	84	14.32	2.09	84.6	4.74
461	Naze	20	JP	1504940400	62	28.37	129.48	86.0	5.82
462	Vardo	0	NO	1504946083	99	70.37	31.11	48.42	25.32
463	Mantua	36	CU	1504946195	92	22.29	-84.28	79.92	6.98
464	Saint George	75	US	1504943760	73	37.1	-113.58	69.8	17.22
465	Bredasdorp	48	ZA	1504944000	59	-34.53	20.04	62.6	3.62
466	Rikitea	92	PF	1504946085	100	-23.12	-134.97	70.65	5.3
467	Okha	92	RU	1504946085	91	53.57	142.95	56.97	4.18
468	Mathura	40	IN	1504942200	47	27.5	77.68	96.8	8.05
469	Bilibino	44	RU	1504946103	93	68.05	166.44	41.04	2.73
470	Trevi	0	IT	1504944000	68	41.9	12.49	75.2	3.36
471	San Policarpo	36	PH	1504946197	100	12.18	125.51	81.81	1.39
472	Salyan	80	NP	1504946130	65	28.38	82.17	84.06	2.95
473	Novaya Derevnya	92	RU	1504946197	100	63.9	38.06	48.42	14.47
474	Kahului	20	US	1504944840	69	20.89	-156.47	78.8	5.82
475	Cayenne	90	GF	1504944000	94	4.93	-52.33	73.4	1.12
476	Souillac	75	MU	1504944000	73	-20.52	57.52	75.2	18.34
477	Waingapu	0	ID	1504946198	45	-9.66	120.26	85.41	12.24
478	Atuona	80	PF	1504946086	100	-9.8	-139.03	80.19	16.26
479	Galveston	1	US	1504943580	78	29.3	-94.8	73.4	11.41
480	Hofn	36	IS	1504946199	100	64.25	-15.21	49.41	2.17
481	Puerto Ayora	80	EC	1504946090	100	-0.74	-90.35	67.41	11.68
482	Thompson	40	CA	1504944000	72	55.74	-97.86	59.0	5.82
483	Taoudenni	0	ML	1504946145	13	22.68	-3.98	96.93	7.54
484	Atuona	80	PF	1504946086	100	-9.8	-139.03	80.19	16.26
485	Powell	40	US	1504945440	93	40.16	-83.08	53.6	7.31
486	Tasiilaq	92	GL	1504943400	91	65.61	-37.64	41.0	24.16
487	Pyrgos	75	GR	1504943400	69	37.68	21.44	78.8	3.4
488	Pilar	40	BR	1504944000	94	-9.6	-35.96	68.0	7.76
489	Ólafsvík	80	IS	1504946097	100	64.89	-23.71	48.87	1.16
490	Tasiilaq	92	GL	1504943400	91	65.61	-37.64	41.0	24.16
491	Chandler	1	US	1504943880	73	33.31	-111.84	86.0	5.64
492	Vaini	75	TO	1504944000	94	-21.2	-175.2	71.6	6.98
493	Mathura	40	IN	1504942200	47	27.5	77.68	96.8	8.05
494	Hobart	20	AU	1504944000	53	-42.88	147.33	51.8	12.75
495	Busselton	24	AU	1504946094	95	-33.65	115.33	62.82	10.78
496	Jamestown	90	US	1504944720	100	42.1	-79.24	51.8	2.84
497	Panguna	68	PG	1504946202	92	-6.32	155.48	76.5	2.39
498	Qaanaaq	12	GL	1504946186	100	77.48	-69.36	22.32	18.16
499	Cape Town	20	ZA	1504944000	63	-33.93	18.42	62.6	17.22
500	Aksarka	92	RU	1504946203	69	66.56	67.8	43.29	15.37
501	Khatanga	56	RU	1504946203	73	71.97	102.5	40.41	20.51
502	Usak	0	TR	1504945913	33	38.67	29.41	82.44	4.07
503	New Norfolk	20	AU	1504944000	53	-42.78	147.06	51.8	12.75
504	Bambous Virieux	75	MU	1504944000	73	-20.34	57.76	75.2	18.34
505	Namie	20	JP	1504940400	39	37.48	141.0	78.8	3.36
506	Glen Allen	1	US	1504943760	100	37.67	-77.51	59.0	5.53
507	Praia da Vitoria	40	PT	1504944000	88	38.73	-27.07	69.8	6.93
508	Huarmey	12	PE	1504946205	91	-10.07	-78.15	48.78	1.95
509	Batouri	20	CM	1504946205	100	4.43	14.37	79.11	4.63
510	Katsuura	75	JP	1504944000	65	35.13	140.3	80.6	14.99
511	Anar Darah	0	AF	1504946206	10	32.76	61.65	96.84	15.7
512	Clyde River	90	CA	1504944540	100	70.47	-68.59	35.6	28.86
513	Cape Coast	20	GH	1504945945	94	5.11	-1.25	76.23	4.85
514	Salta	40	AR	1504944000	87	-24.79	-65.41	59.0	1.83
515	Busselton	24	AU	1504946094	95	-33.65	115.33	62.82	10.78
516	Ólafsvík	80	IS	1504946097	100	64.89	-23.71	48.87	1.16
517	Krasnyy Bor	0	RU	1504944000	77	59.68	30.67	59.0	8.95
518	Thompson	40	CA	1504944000	72	55.74	-97.86	59.0	5.82
519	Busselton	24	AU	1504946094	95	-33.65	115.33	62.82	10.78
520	Busselton	24	AU	1504946094	95	-33.65	115.33	62.82	10.78
521	Provideniya	92	RU	1504946114	100	64.38	-173.3	46.17	4.52
522	Sitka	90	US	1504944120	100	57.05	-135.33	53.6	4.7
523	Kodino	92	RU	1504946208	100	63.72	39.64	46.62	9.78
524	Bom Jesus	0	BR	1504946208	63	-9.07	-44.36	73.44	13.02
525	Tiksi	88	RU	1504946151	93	71.69	128.87	37.08	7.65
526	Bani	76	DO	1504946209	100	18.28	-70.33	83.61	7.2
527	Batagay-Alyta	88	RU	1504946209	85	67.8	130.41	32.49	3.62
528	Codrington	88	AU	1504946209	92	-38.27	141.97	53.19	9.78
529	Taft	20	IR	1504944000	6	31.75	54.21	95.0	2.24
530	Ribeira Grande	40	PT	1504944000	73	38.52	-28.7	69.8	8.05
531	Tessalit	0	ML	1504946210	38	20.2	1.01	89.91	14.25
532	Bandarbeyla	0	SO	1504946210	79	9.49	50.81	81.54	22.19
533	Busselton	24	AU	1504946094	95	-33.65	115.33	62.82	10.78
534	Vaini	75	TO	1504944000	94	-21.2	-175.2	71.6	6.98
535	Xarqueada	92	BR	1504946211	46	-9.49	-48.36	83.88	3.96
536	San Patricio	8	MX	1504946211	100	19.22	-104.7	73.53	2.62
537	Rikitea	92	PF	1504946085	100	-23.12	-134.97	70.65	5.3
538	Wilmington	1	US	1504944600	87	34.23	-77.94	62.6	5.82
539	Avarua	75	CK	1504944000	68	-21.21	-159.78	69.8	4.7
540	Bhind	40	IN	1504942200	56	26.56	78.79	95.0	6.93
541	Ribeira Grande	40	PT	1504944000	73	38.52	-28.7	69.8	8.05
542	Hobart	20	AU	1504944000	53	-42.88	147.33	51.8	12.75
543	Kodiak	1	US	1504943580	76	57.79	-152.41	51.8	9.17
544	Hilo	90	US	1504944480	94	19.73	-155.09	71.6	5.82
545	Rikitea	92	PF	1504946085	100	-23.12	-134.97	70.65	5.3
546	Mayo	1	US	1504945080	87	38.89	-76.51	62.6	3.36
547	Puerto del Rosario	20	ES	1504944000	73	28.5	-13.86	75.2	9.17
548	Port Alfred	64	ZA	1504946081	86	-33.59	26.89	64.71	3.18
549	Mount Gambier	56	AU	1504946214	80	-37.83	140.77	50.58	3.06
550	Victoria	75	CA	1504944000	48	48.43	-123.37	62.6	8.05
551	Hastings	20	GB	1504945200	87	50.86	0.57	59.0	11.41
552	Hofn	36	IS	1504946199	100	64.25	-15.21	49.41	2.17
553	Faanui	8	PF	1504946109	100	-16.48	-151.75	79.38	10.0
554	Rikitea	92	PF	1504946085	100	-23.12	-134.97	70.65	5.3
555	Arraial do Cabo	0	BR	1504946106	93	-22.97	-42.03	68.58	19.51
556	Tiksi	88	RU	1504946151	93	71.69	128.87	37.08	7.65
557	Ribeira Grande	40	PT	1504944000	73	38.52	-28.7	69.8	8.05
558	Barenburg	92	DE	1504945200	100	52.62	8.8	59.0	10.29
559	Kashechewan	64	CA	1504946171	65	52.3	-81.62	46.89	10.89
560	Rikitea	92	PF	1504946085	100	-23.12	-134.97	70.65	5.3
561	Krasnyy Bor	0	RU	1504944000	77	59.68	30.67	59.0	8.95
562	Trevi	0	IT	1504944000	68	41.9	12.49	75.2	3.36
563	Ushuaia	75	AR	1504944000	44	-54.8	-68.3	41.0	19.46
564	Yar-Sale	56	RU	1504946107	100	66.83	70.83	44.91	17.16
565	Pozorice	40	CZ	1504944000	63	49.21	16.79	64.4	17.22
566	Tazovskiy	44	RU	1504946218	89	67.47	78.7	45.54	13.02
567	Bredasdorp	48	ZA	1504944000	59	-34.53	20.04	62.6	3.62
568	Kavaratti	76	IN	1504946218	100	10.57	72.64	79.2	7.43
569	Ponta do Sol	20	PT	1504944000	68	32.67	-17.1	69.8	23.04
570	Mathura	40	IN	1504942200	47	27.5	77.68	96.8	8.05
571	Marawi	68	PH	1504946166	83	8.0	124.29	75.51	2.62
572	Cape Town	20	ZA	1504944000	63	-33.93	18.42	62.6	17.22
573	Taoyuan City	75	TW	1504942200	63	24.99	121.3	91.4	5.82
574	Great Falls	1	US	1504943880	31	47.5	-111.3	66.2	11.41
575	Portland	90	US	1504943760	72	45.52	-122.68	66.2	5.82
576	Arraial do Cabo	0	BR	1504946106	93	-22.97	-42.03	68.58	19.51
577	Provideniya	92	RU	1504946114	100	64.38	-173.3	46.17	4.52
578	Neiafu	12	TO	1504946220	100	-18.65	-173.98	78.66	10.0
579	Tasiilaq	92	GL	1504943400	91	65.61	-37.64	41.0	24.16
580	Cidreira	88	BR	1504946221	91	-30.18	-50.21	64.53	9.66
581	Lata	75	PT	1504944000	88	40.16	-8.33	64.4	10.29
582	Nadym	68	RU	1504946221	78	65.53	72.52	45.36	10.0
583	Kapaa	75	US	1504943760	74	22.08	-159.32	80.6	12.75
584	Yellowknife	5	CA	1504944000	76	62.46	-114.35	50.0	11.41
585	Punta Arenas	75	CL	1504944000	69	-53.15	-70.92	33.8	19.46
586	Hobart	20	AU	1504944000	53	-42.88	147.33	51.8	12.75
587	Hobart	20	AU	1504944000	53	-42.88	147.33	51.8	12.75
588	Tolaga Bay	0	NZ	1504946223	61	-38.37	178.3	48.69	17.49
589	Aleksandrov Gay	0	RU	1504946223	45	50.15	48.57	72.99	17.05
590	Mogadishu	75	SO	1504944000	74	2.04	45.34	84.2	13.87
591	Puerto Ayora	80	EC	1504946090	100	-0.74	-90.35	67.41	11.68
592	Nome	20	US	1504943580	86	64.5	-165.41	39.2	8.05
593	Rikitea	92	PF	1504946085	100	-23.12	-134.97	70.65	5.3
594	Amparihy	20	MG	1504944000	65	-25.02	46.97	77.0	28.86
595	Bluff	68	NZ	1504946093	100	-46.6	168.33	47.88	10.78
596	Busselton	24	AU	1504946094	95	-33.65	115.33	62.82	10.78
597	Bonavista	76	CA	1504946225	98	48.65	-53.11	56.88	4.74
598	New Norfolk	20	AU	1504944000	53	-42.78	147.06	51.8	12.75
599	Kruisfontein	0	ZA	1504946117	75	-34.0	24.73	65.34	3.4
600	Buta	0	CD	1504946225	78	2.79	24.73	83.16	2.73
601	Cabo San Lucas	0	MX	1504946225	100	22.89	-109.91	80.82	9.33
602	Rikitea	92	PF	1504946085	100	-23.12	-134.97	70.65	5.3
603	Bonavista	76	CA	1504946225	98	48.65	-53.11	56.88	4.74
604	Puerto Ayora	80	EC	1504946090	100	-0.74	-90.35	67.41	11.68
605	Provideniya	92	RU	1504946114	100	64.38	-173.3	46.17	4.52
606	Cap Malheureux	75	MU	1504944000	73	-19.98	57.61	75.2	18.34
607	Qaanaaq	12	GL	1504946186	100	77.48	-69.36	22.32	18.16
608	Omboue	68	GA	1504946227	100	-1.57	9.26	75.6	5.19
609	Vaini	75	TO	1504944000	94	-21.2	-175.2	71.6	6.98
610	East London	40	ZA	1504945080	64	-33.02	27.91	69.8	5.82
611	Leningradskiy	92	RU	1504946124	94	69.38	178.42	40.86	10.78
612	Barrow	90	US	1504943580	100	71.29	-156.79	32.0	10.29
613	Bol	36	TD	1504946228	91	13.46	14.71	86.22	11.01
614	Kruisfontein	0	ZA	1504946117	75	-34.0	24.73	65.34	3.4
615	Vestmanna	8	FO	1504945200	81	62.16	-7.17	51.8	13.87
616	Kadiri	12	IN	1504946229	82	14.12	78.17	86.31	4.52
617	Kupang	20	ID	1504944000	48	-10.17	123.58	86.0	12.75
618	Saint-Joseph	0	RE	1504944000	65	-21.37	55.62	78.8	24.16
619	Atuona	80	PF	1504946086	100	-9.8	-139.03	80.19	16.26
620	Boa Viagem	0	BR	1504946230	65	-5.13	-39.73	72.36	13.69
621	Varnek	56	RU	1504946084	98	69.71	60.05	42.57	18.39
622	Krasnyy Bor	0	RU	1504944000	77	59.68	30.67	59.0	8.95
623	Barrow	90	US	1504943580	100	71.29	-156.79	32.0	10.29
624	Rikitea	92	PF	1504946085	100	-23.12	-134.97	70.65	5.3
625	Hermanus	8	ZA	1504946088	65	-34.42	19.23	61.11	3.74
626	Ostrovnoy	76	RU	1504946231	82	68.05	39.51	44.1	20.74
627	Hilo	90	US	1504944480	94	19.73	-155.09	71.6	5.82
628	Bogande	0	BF	1504946231	99	12.97	-0.14	82.71	5.41
629	Yuryev-Polskiy	0	RU	1504946232	90	56.5	39.68	60.21	12.46
630	Anadyr	75	RU	1504944000	76	64.75	177.48	57.2	11.18
631	East London	40	ZA	1504945080	64	-33.02	27.91	69.8	5.82
632	Ushuaia	75	AR	1504944000	44	-54.8	-68.3	41.0	19.46
633	Kapaa	75	US	1504943760	74	22.08	-159.32	80.6	12.75
634	Punta Arenas	75	CL	1504944000	69	-53.15	-70.92	33.8	19.46
635	Constitucion	0	CL	1504946233	100	-35.33	-72.42	46.26	17.83
636	Alto Araguaia	32	BR	1504946029	51	-17.31	-53.22	67.5	4.41
637	Dingle	20	PH	1504944000	66	11.0	122.67	91.4	13.87
638	Cape Town	20	ZA	1504944000	63	-33.93	18.42	62.6	17.22
639	Port Alfred	64	ZA	1504946081	86	-33.59	26.89	64.71	3.18
640	Tasiilaq	92	GL	1504943400	91	65.61	-37.64	41.0	24.16
641	Sao Filipe	0	CV	1504946106	100	14.9	-24.5	79.74	10.22
642	Poum	0	NC	1504946234	100	-20.23	164.02	71.37	21.18
643	Saskylakh	64	RU	1504946083	86	71.92	114.08	38.79	12.35
644	Vanavara	48	RU	1504946235	60	60.34	102.28	45.18	6.87
645	Bambous Virieux	75	MU	1504944000	73	-20.34	57.76	75.2	18.34
646	Pyt-Yakh	48	RU	1504946193	84	60.75	72.86	48.6	4.41
647	Saint-Philippe	0	RE	1504944000	65	-21.36	55.77	78.8	24.16
648	Rikitea	92	PF	1504946085	100	-23.12	-134.97	70.65	5.3
649	Albany	1	US	1504943640	93	42.65	-73.76	53.6	5.82
650	Srednekolymsk	92	RU	1504946236	93	67.45	153.68	41.67	3.29
651	Busselton	24	AU	1504946094	95	-33.65	115.33	62.82	10.78
652	Fevral’sk	68	RU	1504946237	50	52.47	130.72	56.79	6.98
653	Rikitea	92	PF	1504946085	100	-23.12	-134.97	70.65	5.3
654	Cherskiy	68	RU	1504946087	90	68.75	161.3	39.33	3.29
655	Ust-Tsilma	36	RU	1504946237	72	65.44	52.15	44.01	8.66
656	Rikitea	92	PF	1504946085	100	-23.12	-134.97	70.65	5.3
657	Cotonou	40	BJ	1504944000	88	6.37	2.42	78.8	6.93
658	Mathura	40	IN	1504942200	47	27.5	77.68	96.8	8.05
659	Bubaque	40	GW	1504944000	94	11.28	-15.83	75.2	3.36
660	Luderitz	0	NA	1504946130	89	-26.65	15.16	60.03	12.24
661	Vysotsk	90	RU	1504945200	100	60.63	28.57	51.8	5.82
662	Ngunguru	20	NZ	1504946239	100	-35.62	174.5	54.09	17.49
663	Ampara	80	LK	1504946108	90	7.28	81.67	81.45	4.18
664	Christchurch	0	NZ	1504944000	56	-43.53	172.63	44.6	3.36
665	Kodinsk	68	RU	1504946240	60	58.69	99.18	47.34	5.41
666	Nabire	88	ID	1504946240	96	-3.37	135.48	71.37	0.6
667	Hithadhoo	8	MV	1504946091	100	-0.6	73.08	83.52	11.56
668	Dikson	12	RU	1504946240	100	73.51	80.55	37.53	20.51
669	Sibolga	88	ID	1504946241	100	1.74	98.78	70.11	1.16
670	Chagoda	8	RU	1504946241	88	59.16	35.33	57.87	4.97
671	Rudnik	88	RU	1504946093	83	69.75	61.65	40.86	16.04
672	Hilo	90	US	1504944480	94	19.73	-155.09	71.6	5.82
673	East London	40	ZA	1504945080	64	-33.02	27.91	69.8	5.82
674	Hermanus	8	ZA	1504946088	65	-34.42	19.23	61.11	3.74
675	Ushuaia	75	AR	1504944000	44	-54.8	-68.3	41.0	19.46
676	Galesong	20	ID	1504944000	32	-5.32	119.37	95.0	13.87
677	Udachnyy	92	RU	1504946153	88	66.42	112.4	40.95	7.54
678	Alipur	0	PK	1504946243	69	29.38	70.91	94.23	12.57
679	Mitsamiouli	20	KM	1504944000	78	-11.38	43.28	82.4	13.87
680	Csongrad	0	HU	1504943100	52	46.71	20.14	73.4	2.24
681	Rio Rancho	1	US	1504944900	54	35.23	-106.66	71.6	2.95
682	Itapirapua	0	BR	1504946244	37	-15.82	-50.61	70.29	7.76
683	Cape Town	20	ZA	1504944000	63	-33.93	18.42	62.6	17.22
684	Ust-Nera	0	RU	1504946244	88	64.57	143.2	41.31	2.06
685	Dubno	0	UA	1504944000	52	50.42	25.73	66.2	8.95
686	Maloy	92	NO	1504945200	71	61.94	5.11	57.2	4.7
687	Rikitea	92	PF	1504946085	100	-23.12	-134.97	70.65	5.3
688	Trevi	0	IT	1504944000	68	41.9	12.49	75.2	3.36
689	Ambilobe	0	MG	1504946245	42	-13.2	49.05	84.78	21.52
690	Yellowknife	5	CA	1504944000	76	62.46	-114.35	50.0	11.41
691	Sistranda	40	NO	1504945200	58	63.73	8.83	55.4	18.34
692	Yellowknife	5	CA	1504944000	76	62.46	-114.35	50.0	11.41
693	Margate	20	GB	1504945200	76	51.38	1.39	57.2	9.17
694	Port Alfred	64	ZA	1504946081	86	-33.59	26.89	64.71	3.18
695	Chokurdakh	80	RU	1504946108	80	70.63	147.92	36.18	8.66
696	Trevi	0	IT	1504944000	68	41.9	12.49	75.2	3.36
697	Narsaq	90	GL	1504943400	39	60.92	-46.05	48.2	12.75
698	Damaia	75	PT	1504944000	77	38.75	-9.21	68.0	12.75
699	Gyanpur	8	IN	1504946104	81	25.35	82.47	91.26	8.55
700	Mar del Plata	90	AR	1504944000	100	-38.0	-57.56	51.8	11.41
701	Pio XII	0	BR	1504946248	95	-3.83	-45.15	72.72	2.51
702	Morondava	0	MG	1504946248	67	-20.28	44.28	82.98	7.43
703	Rikitea	92	PF	1504946085	100	-23.12	-134.97	70.65	5.3
704	Saint George	75	US	1504943760	73	37.1	-113.58	69.8	17.22
705	Carutapera	8	BR	1504946249	89	-1.2	-46.02	78.39	9.22
706	The Valley	24	AI	1504946249	100	18.22	-63.06	82.8	19.28
707	Sale	40	MA	1504944000	73	34.04	-6.82	73.4	9.17
708	Chuy	100	UY	1504946146	97	-33.7	-53.46	61.29	11.01
709	Jamestown	90	US	1504944720	100	42.1	-79.24	51.8	2.84
710	Waipawa	0	NZ	1504944000	53	-41.41	175.52	51.8	10.29
711	Puerto Ayora	80	EC	1504946090	100	-0.74	-90.35	67.41	11.68
712	Nanortalik	92	GL	1504946172	94	60.14	-45.24	38.43	6.42
713	Mathura	40	IN	1504942200	47	27.5	77.68	96.8	8.05
714	Varnek	56	RU	1504946084	98	69.71	60.05	42.57	18.39
715	Krasnyy Bor	0	RU	1504944000	77	59.68	30.67	59.0	8.95
716	Cervo	92	ES	1504946251	100	43.67	-7.41	63.45	17.83
717	Ancud	0	CL	1504946178	86	-41.87	-73.82	32.22	6.64
718	Kodiak	1	US	1504943580	76	57.79	-152.41	51.8	9.17
719	Beringovskiy	32	RU	1504946182	83	63.05	179.32	55.35	11.45
720	Vila Velha	75	BR	1504944000	100	-20.33	-40.29	66.2	2.24
721	Port Alfred	64	ZA	1504946081	86	-33.59	26.89	64.71	3.18
722	Albany	1	US	1504943640	93	42.65	-73.76	53.6	5.82
723	Jamestown	90	US	1504944720	100	42.1	-79.24	51.8	2.84
724	Bredasdorp	48	ZA	1504944000	59	-34.53	20.04	62.6	3.62
725	Albany	1	US	1504943640	93	42.65	-73.76	53.6	5.82
726	Bluff	68	NZ	1504946093	100	-46.6	168.33	47.88	10.78
727	Upernavik	32	GL	1504946154	100	72.79	-56.15	37.98	25.55
728	Barrow	90	US	1504943580	100	71.29	-156.79	32.0	10.29
729	Flinders	88	AU	1504944000	66	-34.58	150.86	50.0	5.82
730	Mama	92	RU	1504946255	89	58.31	112.9	43.56	2.62
731	Gyanpur	8	IN	1504946104	81	25.35	82.47	91.26	8.55
732	Tuktoyaktuk	88	CA	1504946255	100	69.45	-133.04	39.06	12.24
733	Ushuaia	75	AR	1504944000	44	-54.8	-68.3	41.0	19.46
734	Thompson	40	CA	1504944000	72	55.74	-97.86	59.0	5.82
735	Glendive	1	US	1504944900	59	47.11	-104.71	62.6	5.82
736	Krasnyy Bor	0	RU	1504944000	77	59.68	30.67	59.0	8.95
737	Amparihy	20	MG	1504944000	65	-25.02	46.97	77.0	28.86
738	Praia da Vitoria	40	PT	1504944000	88	38.73	-27.07	69.8	6.93
739	Atuona	80	PF	1504946086	100	-9.8	-139.03	80.19	16.26
740	Tocopilla	64	CL	1504946257	100	-22.09	-70.2	48.87	1.5
741	Ejido	44	VE	1504946257	100	8.55	-71.24	51.84	1.5
742	Belaya Gora	92	RU	1504946095	100	68.53	146.42	38.07	5.41
743	Grindavik	0	IS	1504944000	93	63.84	-22.43	46.4	3.36
744	Rocha	92	UY	1504946258	98	-34.48	-54.33	62.28	9.33
745	Mathura	40	IN	1504942200	47	27.5	77.68	96.8	8.05
746	Mar del Plata	90	AR	1504944000	100	-38.0	-57.56	51.8	11.41
747	Mathura	40	IN	1504942200	47	27.5	77.68	96.8	8.05
748	Uruzgan	0	AF	1504946259	14	32.93	66.63	78.39	2.62
749	Half Moon Bay	90	US	1504943760	100	37.46	-122.43	64.4	4.74
750	Lompoc	90	US	1504943880	82	34.64	-120.46	64.4	4.7
751	Amparihy	20	MG	1504944000	65	-25.02	46.97	77.0	28.86
752	Nalut	0	LY	1504946260	61	31.87	10.98	78.93	4.41
753	Rikitea	92	PF	1504946085	100	-23.12	-134.97	70.65	5.3
754	Chapais	20	CA	1504944000	93	49.78	-74.85	37.4	4.7
755	Vaini	75	TO	1504944000	94	-21.2	-175.2	71.6	6.98
756	Balapur	40	IN	1504944000	62	17.31	78.48	89.6	2.24
757	Koubia	20	GN	1504946261	95	11.58	-11.9	73.17	4.18
758	Cherskiy	68	RU	1504946087	90	68.75	161.3	39.33	3.29
759	Oranjemund	0	NA	1504946261	92	-28.55	16.43	57.33	15.82
760	Georgetown	20	GY	1504940400	100	6.8	-58.16	73.4	2.24
761	Port Alfred	64	ZA	1504946081	86	-33.59	26.89	64.71	3.18
762	Port Alfred	64	ZA	1504946081	86	-33.59	26.89	64.71	3.18
763	Port Alfred	64	ZA	1504946081	86	-33.59	26.89	64.71	3.18
764	Virginia Beach	1	US	1504944900	87	36.85	-75.98	60.8	6.42
765	Rikitea	92	PF	1504946085	100	-23.12	-134.97	70.65	5.3
766	Starobesheve	0	UA	1504946263	41	47.75	38.03	73.89	4.18
767	Amparihy	20	MG	1504944000	65	-25.02	46.97	77.0	28.86
768	Norman Wells	20	CA	1504944000	93	65.28	-126.83	42.8	4.7
769	Jinhua	8	CN	1504946263	76	41.43	128.03	63.27	3.74
770	Albany	1	US	1504943640	93	42.65	-73.76	53.6	5.82
771	Gravdal	20	NO	1504945200	62	68.12	13.5	55.4	16.11
772	Zhanaozen	0	KZ	1504946264	35	43.3	52.8	81.54	4.63
773	Vaini	75	TO	1504944000	94	-21.2	-175.2	71.6	6.98
774	Trevi	0	IT	1504944000	68	41.9	12.49	75.2	3.36
775	Jieshi	68	CN	1504946265	98	22.81	115.83	80.91	7.54
776	Banu	0	AF	1504946265	37	35.63	69.26	66.51	2.06
777	Portland	90	US	1504943760	72	45.52	-122.68	66.2	5.82
778	Butaritari	56	KI	1504946120	100	3.07	172.79	83.34	9.78
779	Atuona	80	PF	1504946086	100	-9.8	-139.03	80.19	16.26
780	Amparihy	20	MG	1504944000	65	-25.02	46.97	77.0	28.86
781	Porto Novo	20	CV	1504944000	78	17.02	-25.06	78.8	14.99
782	Jamestown	90	US	1504944720	100	42.1	-79.24	51.8	2.84
783	Puerto Suárez	64	BO	1504946267	70	-18.95	-57.8	72.81	2.17
784	Hobart	20	AU	1504944000	53	-42.88	147.33	51.8	12.75
785	Nisia Floresta	20	BR	1504944000	100	-6.09	-35.21	69.8	8.05
786	Atasu	56	KZ	1504946159	39	48.68	71.64	74.07	15.26
787	Kapaa	75	US	1504943760	74	22.08	-159.32	80.6	12.75
788	Sturgis	1	US	1504944900	93	41.8	-85.42	51.8	5.82
789	Albany	1	US	1504943640	93	42.65	-73.76	53.6	5.82
790	Kavaratti	76	IN	1504946218	100	10.57	72.64	79.2	7.43
791	Dourbali	8	TD	1504946268	86	11.81	15.86	86.49	9.22
792	Busselton	24	AU	1504946094	95	-33.65	115.33	62.82	10.78
793	Samoded	92	RU	1504946269	99	63.61	40.51	46.08	8.77
794	Vardo	0	NO	1504946083	99	70.37	31.11	48.42	25.32
795	Arlit	0	NE	1504946270	42	18.74	7.39	91.71	6.76
796	Alofi	44	NU	1504944000	88	-19.06	-169.92	73.4	4.7
797	Hobart	20	AU	1504944000	53	-42.88	147.33	51.8	12.75
798	Conakry	75	GN	1504944000	94	9.54	-13.68	77.0	6.93
